1.3,0.5,10000,0.2,0.05,0.05
0.893404960240137,0.0508787956503515,36492.6390996883,0.198740852280047,0.226977891332528,0.0361339391744436
0.784008457036781,0.971267163880591,68823.1619809678,0.322893017594449,0.0718681030985041,0.0633612409835068
1.21102222149086,0.638283757078657,9330.07845122441,0.512617146272212,0.141529193646883,0.0525526485990514
0.0850792731286207,0.244489996357645,63499.1744903853,0.543421393494541,0.0907502832166289,0.273675812520932
0.911055848587886,0.734050890110468,20461.4616816816,0.318880890367499,0.10712636922389,0.226417761608017
0.692475736108163,0.529926432298049,30723.6334244611,0.313493419135794,0.153565127633539,0.068536898237116
1.09031224796195,0.194739123692012,74447.8093229734,0.432730562453012,0.101752593278529,0.251800405577389
0.978319946989995,0.842216908828948,9668.79776355931,0.358260923764897,0.184494898470757,0.197048239790649
0.492234586421918,0.698488275003666,56338.520257131,0.493595801346099,0.221636648686037,0.191842437323777
0.564041333205862,0.886615184726505,77918.1116278343,0.427528039324956,0.128867099955334,0.286646240984239
0.717814546956632,0.364633603416335,66102.3116157532,0.418318615486674,0.157208563207116,0.0593697681788574
0.0223327819744969,0.899731453661255,12714.2798498922,0.0370054035888839,0.245345296533363,0.124304477067621
0.469875362000125,0.28791559227194,42645.4353731288,0.392620085331301,0.0839146768801759,0.0312738890878471
1.17799627039098,0.151975250826103,33183.8702471312,0.540737155316909,0.151715604774761,0.227987840135064
1.20522689328868,0.515639185454105,16956.8177338995,0.0116677645283173,0.146771009799288,0.28688170139476
0.177252636344922,0.422231868275397,46056.7240942666,0.122041768249569,0.138638805198415,0.0955400692240419
0.207084572850734,0.307751166288723,46241.7931173579,0.495052976740943,0.103426001958802,0.0113661689072645
0.70722370552315,0.265116523884931,34346.0053880923,0.0744069206265157,0.158658808783212,0.135642149581307
0.439583965309034,0.106720433061771,82115.693904013,0.594087683215522,0.151348732841935,0.13689776599972
0.0707216690592106,0.938900879311112,72554.3487388494,0.153165738586488,0.103525469879937,0.0119190913603954
0.476647305809373,0.68819412430519,32893.3886733814,0.31329391631934,0.116660045134155,0.146067784383474
0.143630736521156,0.818278293974682,88656.2569171122,0.25404055137435,0.20741477967558,0.280668500022275
1.07421147934767,0.201359204219696,44163.4625551767,0.240793652727303,0.0584747084456625,0.0180035954742653
0.338686848585292,0.399731009937461,83827.1615450165,0.587184016370036,0.219407017324289,0.103645936227884
1.10687541995672,0.959515543582707,7096.57536537662,0.0425019080650124,0.12771248515826,0.0716303487846191
0.743800318465474,0.929264997018311,5638.22499910916,0.0497790551669188,0.123460061285808,0.210030327881333
0.695763829133471,0.242691778496014,28959.4117987088,0.128654437145241,0.186311601761876,0.242284536115516
1.27652199143008,0.0300921068889303,40474.6137994746,0.225753694385693,0.105757967551102,0.132350552591059
0.157535162196037,0.755416813089446,47569.6788927095,0.0991356498919178,0.137762434434356,0.0832307469876058
0.766839366946746,0.483017459118933,21385.2753375362,0.118402628370275,0.221310598587508,0.154389409178885
1.01567444733513,0.468123629095816,81047.7711069567,0.17868044995492,0.224752947163333,0.201651279011863
0.586938831648347,0.91746627596688,61691.3637599846,0.527721478925695,0.207666343820941,0.0320735495091486
0.679137234939861,0.389373668166826,99760.4124497248,0.564474773558187,0.119159221067552,0.26230784889439
0.103942010293695,0.943229373910286,75948.8790810908,0.461570045533587,0.107995189559338,0.241127923435093
0.531450576887766,0.284138381094385,70177.2389070611,0.288696642446955,0.0621649566017245,0.229925527658448
0.743263256424807,0.257707267148398,21156.6394637392,0.0632840541752999,0.144126083625366,0.0705182167250181
1.22085742322394,0.849703684133355,22822.8785413106,0.0643121063444916,0.238788687741768,0.146512515369185
0.0438907042405171,0.701769679587769,30510.422558773,0.0812674253290369,0.163250076199326,0.292334897260717
0.371487304964593,0.837764879578004,27126.8038247176,0.0136677495578931,0.113104919190139,0.253251200877141
1.16000273970066,0.0334990735519512,8387.76991532408,0.294385852331747,0.11415414818847,0.0912752827323083
0.411650595418224,0.219067312789092,49116.2678526352,0.572946889657894,0.160789879792904,0.21643828997908
1.04487965131397,0.332211572168124,33310.0851541775,0.130438897825866,0.205736487749224,0.157258900416982
0.387692830003219,0.0213614333187743,53661.2404859341,0.436031290289962,0.159373599574665,0.129655327757762
0.662737230302018,0.942187637901819,14636.5177519206,0.594909561940172,0.145440956040315,0.195188871275837
0.321356969620963,0.493967198732492,55692.0610864674,0.060085940488743,0.215779585551074,0.105831264222204
1.29929468977844,0.508050247358747,4443.57137913952,0.269545146593551,0.173757623369747,0.0222368034306245
0.431472967849712,0.256530149114901,59954.9652691654,0.0529167096038401,0.168532731915599,0.110917284642659
1.04328027616231,0.920583829425094,35878.1924003537,0.44525591117043,0.127356980085002,0.284818783045678
0.907482881180477,0.866874593667725,95990.8696572079,0.55951897602019,0.0665257926561432,0.0757703691569735
1.16267227619167,0.550833775577922,74844.5948920407,0.124100762034484,0.23203975047531,0.293980147052575
0.269160245110783,0.351367107468477,43479.517179684,0.508473056553947,0.229097430195214,0.190517227796054
0.396966633023799,0.896220364649881,47459.7082000822,0.390238474103462,0.0967077767893173,0.277205608122702
0.848488840014493,0.0473990175877535,3905.16804703386,0.574567916599244,0.194940639382202,0.265695716689722
1.06133976805297,0.09579351032568,10755.3474408166,0.491790985489909,0.108488046824843,0.107363297568108
0.163753254810211,0.0860462219028308,52015.7160572238,0.599129395108148,0.220939499863966,0.0985953244110402
0.79548118841356,0.931220604552114,7558.31113402351,0.386506677433723,0.156980862966616,0.122208976713227
0.0426013665246109,0.133485681284302,27669.5351216774,0.0184192989356811,0.22564502006291,0.12163749438083
1.22821106678888,0.0852801294034741,31897.0046273573,0.569832013509035,0.235946418269503,0.227896756661716
0.630620214093721,0.139117399594095,85007.2701231301,0.599627127375403,0.174905857986816,0.0328469987131083
1.02920830815496,0.337064619851697,71498.0493777807,0.135257326872287,0.142090372383671,0.261004576569322
0.749970046356675,0.0888559046981155,48103.0498829217,0.452135757813461,0.0724239179777937,0.0874672318797804
0.866143116446058,0.707941672829703,53255.4637339788,0.369266836551767,0.0686557696499827,0.0304422615553575
0.642175493231148,0.78943753435046,70360.1730522831,0.186773614502819,0.225239096000385,0.120785715690216
1.13832498604764,0.774191154814867,46601.5891103401,0.275010310845897,0.0630069196987333,0.209663956505983
0.415994691598555,0.741832214507399,92113.8090908645,0.583649319015817,0.128427910430555,0.145471534179702
0.878546114129156,0.951443245062852,31999.0032156435,0.0865472933076878,0.126968978814182,0.215222135614143
0.976489755580119,0.723193607686787,40846.115049519,0.557712677694826,0.187202692369495,0.193765575649745
0.51771522981472,0.741386794192005,29501.4234647014,0.244157012233528,0.179937527136353,0.252637870175092
0.567256953742907,0.968809881008178,90779.4829820337,0.231270197934123,0.195197546448733,0.0575188943728916
0.167703332592668,0.871440391077509,79997.9807556903,0.215382919806038,0.111049900413586,0.192377377064061
0.890250715548599,0.224347729540139,93224.4055207279,0.254834035726169,0.190452930248127,0.127487492072298
0.596465651648548,0.552138497545729,92719.6029717478,0.591530635424149,0.0888416994680645,0.268408279169478
0.645603535174507,0.768331248152054,43752.7646384642,0.268550276631188,0.17081497289825,0.228504210506957
1.17028857525659,0.297157972528695,69765.6508108483,0.1096549885203,0.170910717752336,0.0680271966087844
0.413400128725868,0.472490302590056,10850.9874212743,0.0967364580308761,0.0978327743200591,0.050648076885375
0.252963400172698,0.713176395697883,49854.6659271978,0.220309270991022,0.0836779702674735,0.0279485620590252
0.458102047552497,0.170489872055725,3077.28642845125,0.537193426073102,0.0903659256395831,0.0271826968746903
0.428047925262961,0.0434587397153909,76990.8444478989,0.492521072892695,0.100966866807862,0.221479703028878
0.787273138354081,0.5872923170231,60898.6324062123,0.0845317449660564,0.139801315705388,0.262916988905495
0.885568302060186,0.24028145899983,7886.75802859129,0.376154561741511,0.149012471879304,0.237606093322945
1.223690851992,0.779138393025615,53333.653105425,0.265590417986772,0.220607082739214,0.211500100567835
0.562462417532166,0.977919801892106,15154.3280599306,0.410979452179166,0.0798649375311313,0.0934530276671116
0.61368152499612,0.502850935087481,49698.1536682731,0.426151975757837,0.0761215785658972,0.185613237120921
0.768783890676873,0.919894938049512,14695.6779123385,0.278334099211979,0.200975895449774,0.263949839074312
0.830648166022884,0.0596990339918076,13901.5561428451,0.0795251381019054,0.162416913890227,0.167520754421341
0.842273990789626,0.186250388973302,73752.5950307706,0.229700673388366,0.212604157329736,0.266154363429477
0.602072052228939,0.485496105247758,68376.3881445281,0.221489960369258,0.14003487577042,0.208304793750808
0.0393210970433668,0.294483606480699,97457.0579269048,0.267782946653313,0.230660538084025,0.0938812167016232
0.161334113459491,0.825535185790842,38910.5867961574,0.373571207905695,0.0555357992866309,0.0135146269999243
0.590303658145814,0.184914570081602,93744.0260975235,0.579889788749179,0.101604656255441,0.259894272574985
0.903338893801396,0.428435660561151,61234.8045961129,0.327694878745577,0.245854271133107,0.140488376408397
0.12581545013491,0.658939121877868,57431.1944232377,0.554223831995026,0.163134496736405,0.0110195492359653
0.493724371811089,0.358927820142268,87143.184086767,0.162571664437276,0.215704381919906,0.219115419815473
0.601069710565286,0.0102301991445001,6397.44226986125,0.0302864542336012,0.0587007254534623,0.217417639768168
0.106627822802198,0.417294088692296,88540.4074139686,0.300600291993365,0.148418106971179,0.0995946716534239
0.44820494457623,0.699774003296162,73068.2856873367,0.227419193534846,0.169672300588138,0.108638555947448
1.27992541223016,0.800068834564688,26963.1690546158,0.578176823073381,0.115832148983873,0.125205324217997
0.243554386918446,0.499162569303821,18113.5665717491,0.0585661689403077,0.223542421710525,0.057126298288319
0.474798827510764,0.65666344614786,48605.0086165299,0.548388771444565,0.172750664108939,0.16616035022941
0.788194482482395,0.724417854097606,14205.3867889055,0.481154915193274,0.248721690606735,0.105170058587549
1.27442370011284,0.11579330575464,1472.1713191587,0.431785263574675,0.0656189821534283,0.285425945847539
1.17518035640097,0.172176873580633,96569.0485727552,0.0564909627831158,0.191092104878789,0.274060409817299
1.23033620460899,0.794704796036697,3749.08118837267,0.549264381081951,0.0854965787168267,0.0798131312172807
0.255189359184367,0.76896758388794,81476.0864110193,0.449582582655335,0.241407007206665,0.148677130170782
1.27090242395446,0.56762286372199,71189.6463499333,0.193001732469963,0.0571775216336932,0.0132140601408352
1.28719221352279,0.937415559344462,42146.0251660414,0.229123729694493,0.103995603157432,0.0211588030591481
1.16633552291707,0.775151016343803,21670.4902962929,0.350112665663048,0.0755929764686529,0.0449221874581707
1.01982197546749,0.00536916100913707,11349.9475042304,0.192662180385135,0.189063029334088,0.246354255412927
1.07301656116901,0.494722669787936,9115.56298141383,0.408303957139753,0.11702060876486,0.124703240794344
1.21167887106645,0.688869536400774,67376.7293415057,0.546177066800098,0.215187780782416,0.255599230059526
0.291763802839503,0.325207805467052,90118.8970683726,0.467672902104928,0.210577351754215,0.256817580580791
1.24178092615849,0.601613523107252,4709.79869338073,0.580711955771692,0.207863315042607,0.203079222398702
0.874529683800174,0.381682841421023,37298.6865359037,0.350675174831327,0.128178547445888,0.242564005790344
0.22734055527639,0.700181243024897,32203.1657069896,0.187913796917687,0.219581295098908,0.287895965601853
0.933611080105816,0.56643035429874,89079.368775622,0.382792976611275,0.187622413620971,0.191306733590466
0.659702524335527,0.490807226234522,47674.9588871,0.194707085823058,0.16121322879521,0.250653567987719
0.0939119985231722,0.173467206672813,96948.5989190017,0.264130544192821,0.133159337168094,0.21249171553354
0.0767506683186472,0.843832311079047,45505.6234640283,0.0249137919379419,0.0882715900754304,0.0446253843838325
0.189428873763307,0.0691489997257721,5238.27476945907,0.233873055796289,0.234251138643939,0.247325865987818
0.883652472395225,0.885620086584646,41069.8668203296,0.363135039107954,0.194424166695037,0.079147941412818
0.954977452473394,0.922080721411507,96707.2679486948,0.102552575512406,0.167564619815747,0.0949546886475649
1.23634916490507,0.747659477601303,26371.077233983,0.182210543554009,0.0549222250958784,0.205487828142227
1.02595527241647,0.840058229653542,86759.3564919356,0.326701987975357,0.249696299946351,0.0107597365294386
0.898887549796302,0.834195284321481,66539.8284701813,0.234853436509857,0.169318929785644,0.241331649785784
0.965748477106378,0.175182974751675,30020.1656115342,0.136251956586591,0.204322360877437,0.212634161431021
0.654326808423716,0.0362233404477057,84839.9941244358,0.081778781577684,0.0502898110688463,0.218537027697011
0.571082796746631,0.421242426008653,41277.7686681524,0.295908054150117,0.181013406696171,0.0183768813697801
0.77737866451836,0.693508173562043,19330.8029805663,0.126822747445112,0.24233935773167,0.294942130681111
1.15601353838922,0.119428369374389,23273.0926786526,0.216740405104625,0.225979738063594,0.199896050344701
1.21652867056728,0.260332574588628,65331.3625835581,0.406798121115098,0.22749530073833,0.210319810175682
0.825206493355098,0.794178289120851,70911.6164827488,0.421014154921672,0.0832307693917253,0.1440976780472
1.01290077677894,0.182845901292284,28137.154979049,0.381919345151774,0.247964154497137,0.0391541772624429
1.284949341658,0.0174385159065158,81380.5409629825,0.576101884888069,0.198989329199478,0.192934582846465
0.0665497260789682,0.87010715969892,30957.8395090088,0.0494543252417639,0.113876957583002,0.291782347805771
0.543411604743894,0.907952371803901,36022.319593375,0.146480005658015,0.0668086361842508,0.0513649743268836
0.10580557214401,0.953529167414584,16571.1117663974,0.532890499581217,0.162180467448765,0.181350921985132
0.222283551247321,0.732197062814018,61511.0997095542,0.409385695786589,0.111437480830966,0.111575721420162
0.0551391867566188,0.23418432136966,75140.4717803641,0.249571516832504,0.0650943997239372,0.0267723044680121
0.0162833389067343,0.0533424092350942,37144.1169027907,0.437101864757742,0.219953184717439,0.215844307514914
0.667215699426188,0.193574764117988,91881.3345983188,0.286039807581893,0.113459308897324,0.0794808043000957
0.836620243662763,0.859316140665977,25430.676515548,0.316431080536069,0.149434801924371,0.0516204993378393
0.739162247351346,0.99450768455633,5013.38333253897,0.100534463203143,0.128635240727738,0.135254009561381
1.06230794365266,0.785580614742191,60405.6965985914,0.185742741228636,0.204811102788272,0.233664440551471
0.829600854744185,0.791211436796328,47289.3713848148,0.409889626500561,0.184059964145505,0.263988670435159
1.27898307982163,0.357845651213788,41633.5885498886,0.504021850231425,0.0896828620125224,0.224888803157121
0.854209720114229,0.506102724690002,61809.7953193911,0.57671181049301,0.102659897938523,0.136668972817806
0.762501336872718,0.255688884533673,71347.5481674217,0.0199551340915655,0.118676456706588,0.11476882049083
1.25600239324837,0.205367283379005,94734.5251419038,0.541293451747958,0.243145880323975,0.270894482568331
0.819784812802234,0.445699822752898,48976.138397337,0.478945626267206,0.0673974816751943,0.295293351900807
1.06934548809059,0.86154650724273,66275.3857472362,0.055243594871743,0.0594901121695074,0.11614784061726
0.972488863969826,0.945628844755731,15948.1753156994,0.545567128387162,0.152621485455027,0.200852884809986
0.897742508295208,0.0649181558180477,13760.0058649242,0.325698367742263,0.161616572634983,0.207890884695263
0.791198919101494,0.755829442060429,52114.9100065248,0.0807841618715804,0.119497423750345,0.269787401926249
0.154357455826998,0.432444789381647,60633.7682199128,0.116175163746341,0.0794212600548453,0.29343314163539
1.24449929820738,0.52025152987932,12876.1234035516,0.0268011275702221,0.224899066938997,0.139675980021905
0.523809714211829,0.451084071537825,71865.7448835933,0.319636002390072,0.229206257430088,0.100724618964248
1.24552717722338,0.519405951150943,66611.0821280826,0.532509061167647,0.0752483360774951,0.235998666248242
0.108979676340596,0.960649453665995,83471.9823105693,0.346956069847543,0.106718329843347,0.169451990586703
0.205047643981789,0.9352083211896,13132.8548486791,0.352608735503423,0.247473425629417,0.239778717392332
1.20781799674771,0.135594273976018,11780.1939272402,0.551123716136766,0.217018404817001,0.101198116463329
1.21385169672187,0.683173679681959,8302.79005406954,0.298844743506847,0.0916213367801017,0.107288223587748
0.933196066559687,0.346056367315601,99397.4877220192,0.450495407955988,0.178818736342711,0.131188442093512
0.326335796398595,0.527521418116865,50866.6121899211,0.257566972850412,0.181202153756266,0.0676331334757918
0.953014323254703,0.435874864588512,96345.0533111413,0.401708627448303,0.15990679278829,0.20198001383605
0.720900998133023,0.608465030699964,32535.2226102311,0.345266283571336,0.166469900846552,0.2894448654961
0.454402873745443,0.967158928639775,27291.0474837331,0.295064195446043,0.22647745852296,0.061174444405511
0.258887802623968,0.0469146218869504,80276.182397008,0.471819050943748,0.0883961284935914,0.234227777078228
1.1160435574063,0.244089913113766,90575.8437324347,0.274562462085933,0.0990698030835157,0.116906688480474
0.712409975792141,0.665767918971673,10534.9223574123,0.309273736838107,0.0635340995917017,0.0491168311709893
0.360797931236762,0.314475281493264,75505.4436924049,0.466022398084935,0.20934056737787,0.0326467189838206
1.29456995505944,0.854953388808495,9400.26126347055,0.0324037759471307,0.104513618037436,0.216985647195307
0.775636019343533,0.90180169947912,44966.7629414494,0.511286029669549,0.0607545644302483,0.174742331458998
1.09664484763948,0.515902300274882,89262.4823083216,0.346222854434012,0.202996232372829,0.259740050173934
0.99704567638751,0.681707805708564,65316.8610940148,0.276651742740352,0.141931766068304,0.172898082276238
0.415052444623697,0.410804803694165,98949.7156179519,0.490073418398055,0.0786339124500921,0.202981677648201
0.0106873303792999,0.559354822138821,4939.72227635278,0.219813884417806,0.231514056376937,0.290632276879629
1.05982301399355,0.415797349770086,70711.3619868557,0.507137564763589,0.242268643698603,0.279019988563025
0.0298435971232047,0.761729256448252,32342.8560663193,0.301681128572809,0.241793361531161,0.202290165436049
0.363654863476445,0.21324286650031,96753.4192705614,0.430170930393253,0.067983906265916,0.0963165747519559
0.184409508002157,0.103453473868992,83301.5401301208,0.151216039821128,0.153111816643707,0.276087715982251
0.638975790768034,0.58200677909424,34013.029158711,0.454473960511637,0.180395427467491,0.0357679882112861
1.08240012004757,0.606728069983133,1040.5431696471,0.260996805189188,0.237755978259466,0.0947220600135423
0.247275088682014,0.238297090879827,37874.3395295601,0.343544601898668,0.0726806252330766,0.0411272787456792
0.45034675889893,0.801538013466349,87419.9506935503,0.562845224287449,0.149957585484383,0.243486004348477
0.496593122671751,0.982779757640911,33563.1697055243,0.308045484870427,0.0708269426281656,0.230669848222143
0.687395947328689,0.0613783990699477,40296.4793692532,0.273678015318999,0.182981911594599,0.206766775602836
0.652769977592953,0.212556634993157,37420.4353466919,0.23798075750468,0.168919798552999,0.0853353580412659
0.435103544299912,0.72747335208828,94210.4701098528,0.0148810757423397,0.201334621821008,0.231790070595657
0.994756230028272,0.82870268409008,77223.5818746666,0.475307821843108,0.222508681882218,0.044066583468507
0.922565031935409,0.384784031660608,43926.5682139359,0.442033015908648,0.210487692365256,0.0290313715046826
0.295245561632178,0.253631666536181,84089.2562338695,0.356100484543132,0.211258021903256,0.0994479918422911
0.665582902339759,0.140625038893371,92864.0690652427,0.549830081494643,0.237568140127537,0.0666587589633978
1.28557119490508,0.401433778667964,46930.9764282081,0.411228854432797,0.222230817433476,0.0748376788510017
0.532828428179987,0.315997545923806,43485.4544816488,0.0660908163270361,0.165854132002886,0.0838836470426687
0.13765695121104,0.0701185938903636,86149.0618458149,0.0217800876191507,0.0557383381943063,0.18894732775823
0.45388015202531,0.00146965637772998,26298.4004564155,0.0654927682253323,0.222748567596679,0.175088529199515
1.2091246975791,0.489885544596739,34751.9809455964,0.0162950334745397,0.198538946617542,0.12506847699018
0.570064155280547,0.227997280370639,95650.5741538947,0.24336556507945,0.100776166403772,0.170268221778276
1.15132181613534,0.491522061183555,35685.5925983649,0.45684888963187,0.238878174942048,0.0905015239124223
0.0979953765518116,0.651614856891284,39782.5702531519,0.300851485944388,0.188788912530069,0.17376306140135
0.694162008921631,0.46088627956681,93300.4376445188,0.59573974991271,0.132974201314359,0.0604189376744211
0.731196833282465,0.633383110798847,50177.9305594353,0.500807415183066,0.0996955122212511,0.175869733517524
0.014214168890559,0.584288517933612,22205.4239638652,0.398949071018348,0.177899475944711,0.270427484770967
0.998525307693257,0.163837300496192,58948.7649470332,0.360209141789424,0.18189594313038,0.250762158497234
0.309759791473769,0.635579637025102,45168.9479424894,0.0252103863992508,0.191340361245534,0.17839547331978
1.24834754492914,0.275862393298401,95497.0594453853,0.246214385767189,0.247020126459525,0.0576487498803632
0.313977621043867,0.00325571563312375,78846.2858858425,0.323979216099422,0.15944674443553,0.255151132208925
0.377041062667825,0.319665885693058,90189.402366145,0.525505279192901,0.218629471880866,0.0909765639626606
1.07938548466935,0.996898082616241,4613.81093654801,0.526331445792395,0.0993344462192676,0.268751806623556
0.845817020713365,0.82576033261441,98052.2889518211,0.232021248782419,0.22856479630646,0.258943208575049
0.626644120371934,0.0404373880886095,84659.0400795032,0.158338761690323,0.143361107560928,0.229558271145176
0.901053813074392,0.09278988404708,16784.0002062651,0.144764193027038,0.192104955292956,0.210693388859942
0.173800103425093,0.983640413571588,62173.7518563165,0.114512557254344,0.13565286809351,0.279571576748088
0.547747135042026,0.83546607805631,7068.8074924543,0.0670955839477508,0.189949249703306,0.127181039357719
0.0899991251810782,0.114357173422176,82585.8956198818,0.419257132225379,0.0593040836357989,0.241629929609182
1.12575947786705,0.272051062011536,14893.6187819717,0.127947001555852,0.0929765820871947,0.0924480478176588
1.29704779121581,0.440605446435998,93504.4651754479,0.364833278402934,0.246356706917255,0.0101078078778957
0.575603318221187,0.270628631950726,97141.2765224556,0.113136731212713,0.0546135452669659,0.0408180560895019
0.54924902872824,0.844783410243758,63871.1530068362,0.227587932873305,0.249248780432685,0.209059392456707
1.26055107421805,0.67228394578981,43219.2049358109,0.380714774360408,0.129491995378271,0.0295441661362323
1.13235657963321,0.735378102627608,81706.3840948007,0.448871626541315,0.0602688481153948,0.0475879645912965
0.611637879018967,0.225934428899863,56734.0571650759,0.429170163139413,0.247423981692326,0.288398318278435
1.23320330031658,0.764308255338925,32934.5352769295,0.395968940165481,0.17890464273221,0.298162883233663
0.80191183447371,0.215680989328506,12458.4163100704,0.379395566344129,0.185579811458314,0.01691893785592
0.194134438276662,0.710781340656386,90670.2833323936,0.261367885487408,0.197377482273913,0.108325074385953
1.18238456316924,0.448074850400097,84274.9105808108,0.566195901837139,0.170525774984692,0.133398101754568
1.20290043331962,0.477956469646096,36287.640368608,0.33634166582911,0.157934878718701,0.0501341671071067
1.18417247141162,0.423956639802173,54198.4336679193,0.199223573956372,0.0888733695145917,0.0836294914725096
0.0673681325207801,0.720250397735486,85699.185322406,0.175128611579157,0.110072908886951,0.160442205523439
0.295818748021292,0.645049346012094,1989.27722149159,0.0513857434410789,0.236245919480445,0.101071340564111
0.330971298657261,0.839268341426234,50957.8570746448,0.213499719135033,0.193169101282632,0.180108043563815
0.0512951458397201,0.858335849245792,89690.5848367089,0.103902227587647,0.105059698002608,0.0561117569611103
0.536149127101389,0.657655482179811,95276.4631625104,0.378131516177403,0.106153527093902,0.293011127893158
1.18132668133516,0.860601839616317,94487.8373135036,0.4175296378139,0.184756717596781,0.106158622558953
1.14092551820488,0.178963894498811,69114.3687929769,0.0470765946146054,0.177109677628143,0.0537835539282717
0.344171695950818,0.574037754809421,57306.3945982561,0.111047767924916,0.134394506190907,0.115039400363235
0.979516016579204,0.432944544752101,97629.2299224225,0.524629889837166,0.162683336390635,0.298796141758255
0.445365905826794,0.345358863113779,23143.2032067648,0.442886557940887,0.23962843480561,0.172587055194495
0.275603854183374,0.624577229289317,93637.6644708975,0.314977418299032,0.187789872085709,0.249060817862246
0.870241692288199,0.571133035368752,34930.9213754905,0.560557022033134,0.166635562621557,0.157830932044399
0.146926407634638,0.963953597447658,69461.6319081714,0.256200016725935,0.080878413987874,0.118428891135381
0.233687171653717,0.352433473329949,23628.2718529794,0.462412881479354,0.242734509119615,0.0616403098712981
0.200360196463811,0.537226054072084,94090.7596394655,0.282003998947794,0.205477054514802,0.205088113064379
0.127139167235857,0.664820432607407,38679.2950716109,0.156688617384255,0.144412889890834,0.222484859172528
0.369192568671791,0.973891281184237,36834.9733709744,0.109312786011245,0.14111667569509,0.184492487207023
0.117131226418815,0.2041905503562,55384.203208721,0.105331696870823,0.205426432149155,0.252027152680933
0.271396550925083,0.110604196672513,6579.19471223718,0.474545171058989,0.0805020918540505,0.185927095812174
1.04734525102128,0.474631728289026,27496.4741674949,0.443360943701659,0.139595344481067,0.0959235765523938
0.806378961387829,0.747051190450731,28857.6835021526,0.165542230891303,0.130353978095272,0.0548552925213233
1.06986858810507,0.976328882604643,64536.5574934877,0.368476909819568,0.0605668678363552,0.232299321054536
0.615355186272173,0.0154444788267296,58602.2794718234,0.531288830043558,0.200325101965512,0.168605564403619
0.623362486911679,0.819326091848736,40087.6526951962,0.33215004738953,0.213963880855341,0.192224548358011
0.083373390216224,0.462161870672507,89852.7921687427,0.201434395314552,0.15894577514398,0.294472801938795
1.14961297535184,0.0720792276726908,64846.7031618308,0.490574886310332,0.210085428509235,0.251187756216022
1.25221981728446,0.820514405584201,77438.5959041193,0.0921653480035741,0.0934866032180217,0.258117987608974
0.753556154032396,0.565529239560875,59101.585866885,0.458320914775447,0.102311631158125,0.154645845433602
1.22529723709653,0.912361611054611,7699.33046536209,0.338985622226712,0.168594534097543,0.0776377621939683
0.0624682959508366,0.169861815192292,28532.9110498056,0.291640761852614,0.0911212158309202,0.189207268204439
1.14322964782304,0.153679294650168,31178.6192102167,0.397702271605602,0.214167216439069,0.145292244594317
0.849429506097393,0.971596174499069,17846.9760922351,0.0403537991439681,0.0684173573805666,0.0845470890479421
0.253693954814936,0.412500170000086,10183.7392837188,0.349205381305009,0.230973361338375,0.163084517296829
0.880421935466586,0.583919781841245,69403.9642725605,0.573465529423037,0.124363322359451,0.153286143676935
0.0865995484252909,0.0736280448389317,68216.6453875033,0.183850255644504,0.194214593096014,0.0462809608363589
1.03532751625603,0.266213658854941,64656.4436913027,0.469358094344114,0.135156150874983,0.175508261341783
1.11359492529753,0.208097769409854,52845.1859150799,0.0628499589186607,0.184982023849586,0.149771123368019
1.10893657744136,0.165285832838438,67948.3438737979,0.49424365769899,0.0960574513778904,0.184270089308436
0.049278910032148,0.409980284196556,61432.7435768013,0.307116436437604,0.180633033202664,0.189917827640794
0.504112641740418,0.772627984769236,45386.061512211,0.137443938512447,0.109380702724706,0.288970338185937
1.09489986978539,0.797366205212841,98440.7722212821,0.344202344833381,0.126559976357167,0.150381696903009
0.544992105282937,0.984959182552454,73559.300003746,0.478048418328854,0.0730568155913264,0.25368236112069
0.905665479458711,0.197799453604148,24220.7678072267,0.159027577379428,0.190180537016466,0.291090337745265
0.628702178098242,0.915160857298919,26091.1978666374,0.17173499731037,0.177256304762741,0.103303499846435
0.145564001933566,0.324233741801255,76712.2869798849,0.376747964038638,0.169819282076457,0.275082357988335
0.592946710311681,0.209874671562411,97741.1276333904,0.0316345842251526,0.0581754881796868,0.0337235312922117
1.20165503147067,0.10469713820656,85955.0448006448,0.547514447802524,0.112828932653945,0.236915424676031
0.724189606876409,0.456247365107932,88806.4853102839,0.146889728787657,0.072054258141874,0.0401703495619388
0.425268151646689,0.900941880052989,28017.114400116,0.11132139285333,0.0925607636080849,0.117361272870742
0.913449684649009,0.803266071634402,49400.3452831877,0.0614829967520094,0.0521960557737544,0.176861231285494
0.971632893310409,0.475775832678199,94371.6619967204,0.155995489362105,0.236313451944968,0.250063997603867
0.198300379317871,0.9106037001383,23830.6784768685,0.334148934061067,0.164001205729861,0.11543911756344
0.467449319987006,0.654721714949415,50609.1855121744,0.170561319032333,0.0821144239790487,0.153925749091236
1.14842657588216,0.124158743584238,600.035986675988,0.452690884855732,0.152368278506381,0.087859602922776
0.723021671224558,0.601420993275774,24151.6922059477,0.123053122264776,0.173560488289752,0.161007975224219
0.195540677788553,0.589001338156239,57615.6948081031,0.423301037489841,0.114378904932144,0.0782090095852762
0.202252367416389,0.775822785836282,76174.6175584261,0.0927378408808619,0.146053243858298,0.0236020346149957
0.408283639326805,0.890466773449829,60162.7242411768,0.371109641639794,0.228770675861468,0.159668493473077
0.0309458631538184,0.675473704885681,58872.8000722536,0.425118593525452,0.0645808243515557,0.0900623327973455
0.70308684611111,0.716749682350918,62286.9516245545,0.403345520250239,0.13397208281186,0.0146821948377542
1.13161029088975,0.717390709263732,1576.99044874986,0.0355122955309728,0.143838339939014,0.0917891144078525
0.17983653921163,0.609217049845042,19139.0665003074,0.31699216144609,0.235085512831726,0.0356363730679789
0.633065428291297,0.393322653095537,722.483189434221,0.567421726508483,0.148047307798846,0.161336423960532
0.245053481627381,0.646687668584497,32461.8150430503,0.592777762532521,0.235689804132096,0.0859446346403681
1.29207905272511,0.400540810466188,6802.48405361132,0.0276798657408126,0.15441645255285,0.281640140747119
0.573534325857019,0.51103751050951,27609.4469924447,0.400357306209469,0.117541397952826,0.177682889416715
0.0363655547140999,0.235638185319362,68507.6154245645,0.097353173827557,0.131368991885578,0.223273630083619
0.725272476129061,0.312090864197239,64905.5570548467,0.230309014405162,0.0795172029299947,0.0425746564194225
0.2182231981877,0.236214057784901,54495.2932767528,0.160349305363112,0.224258838370817,0.160359848025718
0.212880943060414,0.726139970416328,10261.7282615969,0.0576195856812981,0.0599925187813536,0.21354885918027
0.423469998224498,0.590397734665758,99124.9047507621,0.251624267644901,0.0879982695667997,0.199337005683699
0.32472294655199,0.480571417973524,14376.0160100928,0.34094102960329,0.0610409783223648,0.0699132164115811
0.542153502827952,0.55662214784275,39668.5370031297,0.172392852588179,0.160451460209485,0.252854448382259
1.16483876372382,0.831389566392538,63458.1048912686,0.589312906856128,0.140587996800163,0.119422681664628
0.793064261882635,0.239079895261129,9816.87061478933,0.206961868415281,0.0981975821406396,0.172026170987536
1.08737515805037,0.0271104338872913,82270.758772024,0.371861006413833,0.0641660189724038,0.134870817061102
0.867689351177159,0.425218742875026,72856.6610388189,0.0774994306933154,0.198656580105687,0.141728494222446
0.301825684299131,0.19019385948396,86663.382433309,0.381112768438771,0.231834966167467,0.0397308930099894
0.926197948884651,0.888493589082117,75846.8565060473,0.126111714656877,0.110653422099459,0.0653603535253412
1.1445908721594,0.481977015872294,58698.711471409,0.310689100961809,0.243614139060361,0.275600762164046
1.11927276968998,0.388006825142306,31781.0613373472,0.36347851006963,0.094601311223657,0.198761140322688
0.13690322274049,0.40590505307808,45700.7157716333,0.125315467789512,0.20962642128594,0.0468842521446081
0.798659968940944,0.94113155856527,39062.8110874702,0.0155582237593168,0.188267707386453,0.277506346345265
0.450682754343024,0.34309005849672,69946.9133893602,0.172902006362215,0.206010710447429,0.283807900140853
0.481688328076786,0.310669319110284,91108.8437397204,0.095030578345188,0.156048786268871,0.21621776121725
1.15796771087267,0.848350122998605,468.16016143567,0.0958607580050646,0.171423573126622,0.248897030753224
0.272955275538488,0.548256707322654,8617.24854414913,0.0439963747077325,0.226092709693333,0.183277918521351
0.925781181552585,0.957598065585948,83357.3191195215,0.302698559884969,0.0567376101383997,0.260548044807503
0.624813310046525,0.577689100834206,24970.8295271329,0.36753370787021,0.13192788807944,0.257256096124069
1.17281102721505,0.206072864594301,81847.2219155708,0.205095933598709,0.235187720257338,0.0417617554556423
0.0127846704649271,0.0219132171305693,24885.6695191556,0.483167869794174,0.122125051997567,0.229033718107778
0.285651045532076,0.384043047301113,85807.5348758291,0.523013014879276,0.176461301938494,0.219384983029436
1.02738831012667,0.3958196886639,14016.6535083346,0.0936998424966302,0.114719286263385,0.148148653643004
0.485257627910045,0.618317312239424,59387.1228492942,0.0546596158867016,0.0983843975236565,0.239090873257939
0.729417730975912,0.750100557856653,16302.398105795,0.211198348823399,0.213571943318238,0.126103121939609
1.13631461156452,0.63013955075536,46459.5771101002,0.391163684233134,0.240161189375665,0.0733782867924555
0.314785319935787,0.684534217811231,62797.3801917308,0.354987664182176,0.239319094789032,0.101984588296813
0.404322618211324,0.165802064219467,52720.8304201444,0.263096746479386,0.0899219666853714,0.134148763843704
0.0186106459542566,0.198903081704756,65794.0888201659,0.388523377223939,0.188556646241403,0.121185084114627
0.815185822899155,0.348529196517158,24592.1556262817,0.384983683031244,0.137282711288763,0.0690231893586822
0.607425234009631,0.0121921037119647,87589.9301703217,0.455350552895887,0.112278493692879,0.106566159570059
0.432513853496991,0.777539702720704,34911.9566461366,0.232810510843924,0.122728072430202,0.176297388110393
0.0809210088493114,0.806929284046824,18791.6024758695,0.0221839361064262,0.106287733472599,0.188474127376263
0.429814502094765,0.975086470184272,60597.2193747937,0.544404838590116,0.179437545476311,0.0822053845360365
1.04098889214232,0.32109488660636,23431.4753511138,0.520252642105534,0.161758754060767,0.167366034920784
0.236833250015315,0.627988853475855,85194.2690672027,0.407007516640435,0.206568164619325,0.264539613204308
0.888975118055157,0.574896671173457,91617.9361134456,0.262801787234987,0.244209369375136,0.11402453596511
0.319350449889456,0.0293247043545761,11411.6096904183,0.260162746564905,0.227396530651097,0.261916592004035
0.905157892794978,0.0670414444100426,4250.92258385414,0.544282765701616,0.177491228343951,0.238175118496412
0.592035441888068,0.865022394416651,17321.1557066489,0.072023021476733,0.181594623090694,0.244348676510696
0.175678963027513,0.813584781807559,18476.3509674017,0.196053622086651,0.146945316995167,0.025743303135694
0.771586519240021,0.000137731661637238,91409.9012669174,0.208956265520705,0.231365778882894,0.141895943399824
0.150162811646911,0.47080729962607,51295.8066129449,0.424541749545548,0.093325805222508,0.268017592447112
0.111439502030754,0.0165324452024585,21066.5501427432,0.347267504578941,0.179271498451915,0.110227912819003
1.1241374904541,0.696053189507034,87850.9098168233,0.415765637215292,0.0963424611447509,0.18684467088346
0.77422471200019,0.130905231116234,26920.1243323716,0.293721125732805,0.156491542907199,0.158069734353642
0.350313423920754,0.464936891459119,22221.9044065899,0.0738429588793509,0.144747764270612,0.159443465980382
0.781350101298628,0.811511578388164,13323.7470111264,0.554936838064688,0.109094656458905,0.2542884324667
0.989749440986607,0.649957423196113,65095.0290017995,0.50298395405387,0.136734065101991,0.163637779167965
0.758795286340785,0.354309707037677,31459.5492064141,0.245734407255936,0.248102790772156,0.0249879385216982
0.745636451491869,0.680586790842145,62596.1897311988,0.414810459839595,0.0644609292654469,0.0438775677146016
0.406236055551091,0.66206158917287,62968.4184896515,0.182878971933335,0.0517257274275275,0.0555750051855796
0.701882325540448,0.453524875220815,82728.8325452412,0.55300652469173,0.0819785168302257,0.116571159312729
0.437362615251876,0.150993949671542,97148.0517181074,0.212164710611029,0.120073260020797,0.076274549862123
0.917435139494722,0.210209993305173,50259.3364607481,0.33321588092599,0.0747343893910135,0.0542555173244106
0.863870157153949,0.787072068132823,69610.0034850141,0.0208697388835712,0.185267949797284,0.239446455542889
1.058079546539,0.379883565858877,38370.9986294961,0.431066478345417,0.249086082808043,0.296377577868356
0.07097714839251,0.988755212741409,13014.1588301343,0.507601367782137,0.229928272720504,0.232537753041906
0.374221809480575,0.0252523030209858,3563.24167547005,0.321078356447338,0.0763495500593841,0.142820761305119
0.632478939959137,0.339484810717141,26733.5766139227,0.388437633761321,0.163954031820068,0.0202512468952322
1.25515591949552,0.370179469797091,1928.66051348437,0.252748998212115,0.232359501407699,0.220351065056438
1.18809021570181,0.603788138742628,30323.8146027524,0.181749072958966,0.19615423119125,0.0127218404945309
0.676783666532943,0.158024038641619,9980.56900831743,0.516717517693172,0.217830388937018,0.153377191180782
0.118970156984117,0.457757547707885,28252.7193565355,0.330055909394951,0.118222736943989,0.171384974670124
0.667916421137718,0.465825782161041,19725.6825175746,0.48944607189394,0.105291594264976,0.295485450180473
0.498426726169028,0.538679461020575,29209.1745980927,0.166292517560826,0.132013429536527,0.214158126128121
0.783369457127414,0.202050349730278,7235.76652886615,0.521000223413626,0.183611076784329,0.0987866103048529
0.258576428099599,0.791610379862245,57809.7202791734,0.26484494475241,0.0773719207236207,0.197541426457003
1.01213585681819,0.719748807577073,15548.2553408059,0.269624589233968,0.150786026529778,0.129305343513889
0.938511821300558,0.397715288140926,17224.8799772848,0.0910318606072096,0.249785591991571,0.287258108142809
0.262649346738239,0.437861158828975,185.43439685835,0.45659709467143,0.124747422480659,0.148898868050313
0.735402582470747,0.313564681812496,80160.9552310027,0.168553443063522,0.0541453856873739,0.272000888685252
0.683462932859406,0.738043676721331,30441.5964063558,0.176392308783065,0.0783227532616614,0.0165549148136673
1.03815168798348,0.184035978866367,36460.1224544276,0.0994093309906257,0.200575764539807,0.150856708331563
1.26909890120982,0.354281798342671,16458.1082162755,0.141991968768022,0.0777624271662569,0.0826975613814096
0.384971121882792,0.231295037396142,24702.5891528364,0.283617686903302,0.0802213399413279,0.193169136229511
0.249221660082155,0.0566035082703947,67192.0936299124,0.28914627622342,0.155130843676106,0.0898284904049976
0.398177604289758,0.449406371210692,4236.37767056884,0.592388504170634,0.134076933342515,0.0590653028343001
0.221551973127323,0.443500342153253,41956.3258697734,0.459736892962554,0.127944590986359,0.113374186534465
0.216185548629761,0.19161556759426,60830.0833162946,0.1753640412187,0.0758502787150642,0.261467992099431
1.11199052271907,0.223761156061915,25665.3819372005,0.144948638672828,0.0997432787971608,0.0370517172568551
0.947379199780548,0.561490327242864,72430.6748277966,0.0981995785357944,0.146430421643427,0.227087154630689
0.236014716965158,0.758738950745243,18343.5220813347,0.36569051618508,0.23735963303898,0.225617980012496
0.0919823089942478,0.24619422104844,67472.2706405827,0.0234782302986278,0.113414927209867,0.163850682285942
0.418526072642037,0.188347321534165,24375.7367815101,0.496172933618254,0.123244215474833,0.0246664996620117
0.794881838180016,0.660462653294153,8700.88894394129,0.48627605241277,0.17851893081032,0.136061483466809
0.812676520322105,0.979151207161561,72600.729959068,0.28447778545855,0.165059342077066,0.0421275595846645
0.583372695427779,0.621143225241851,2510.55232749669,0.13345958363465,0.155197344896417,0.131982066501129
0.709117013019901,0.59854464977585,78550.5555873675,0.375641895088491,0.073178062130602,0.115992104655778
0.115880277847043,0.327883211190969,22405.2327647922,0.394226171873229,0.18386408949633,0.0929419975374453
0.576098264704817,0.340915041845739,59513.6073552272,0.235437089488134,0.182106917230238,0.194156064974063
0.871528721699131,0.73059346143345,74979.2931218217,0.372546892389916,0.16773724041718,0.0521777206698313
0.833035068561287,0.4869388191366,58094.1187522402,0.0477194509143259,0.122294668179617,0.015009973632716
0.0642865747743792,0.867494768124102,56532.2105897154,0.119790608978975,0.217515037470182,0.0504881801801972
0.780153703259046,0.128439027632283,62356.5870690263,0.555364246199362,0.238151520818787,0.269481190405334
0.122967125861507,0.663806286207964,70760.6597893378,0.330694840692574,0.210944361090128,0.0215260518740463
0.930363408760468,0.504676114051419,42593.6928271178,0.20281437436422,0.167269298272575,0.110264380897884
1.17981363661132,0.308936354414187,51425.4484154131,0.0286346400417052,0.206601901559788,0.0815191241068094
0.0278626184702907,0.0903520370745283,91171.4723211656,0.413504300531121,0.197684774578568,0.0141642987325401
1.12909587916569,0.576317191803303,52603.6247951329,0.563728041355879,0.216694763659206,0.0365278533338119
1.21809398940851,0.542960137978803,1279.16673604936,0.138272207423728,0.0940210472428663,0.281039930430551
0.670194775003694,0.629076278450553,21892.8365687094,0.402515378318694,0.126730668741232,0.0769922492473521
0.609868964562314,0.141765068439833,76590.8991223969,0.161038427143404,0.164753691637762,0.195000951768161
0.210663986545379,0.00854356066603442,99922.1021933049,0.324612704662976,0.0955971558470931,0.221933854150926
0.501985343682205,0.553809870637812,53559.964428426,0.208707272603255,0.115083850306136,0.245029459592582
1.10468717011438,0.632464258604123,40696.6667029848,0.403806657034601,0.244836799434509,0.2846000391474
0.230528752437553,0.487479790662889,79573.0728803277,0.460300419046597,0.097708403370422,0.0889784944672026
0.261157038567937,0.881780716111696,28397.1655014318,0.279777587606862,0.0852012720773319,0.072104276089013
0.355537179601481,0.966436705574144,80320.5731002879,0.4512848134124,0.215072883959998,0.0292535742413749
0.927754544517252,0.831455822068288,12153.9622685807,0.539957659252243,0.0681018263747631,0.182267780130182
0.961265920912501,0.878925515625498,98628.4746486692,0.24805114469621,0.0551516453975163,0.297308334882304
0.514449292428599,0.0618859117969833,54928.2644478091,0.59043180908772,0.163706875810681,0.240181930221523
0.595804035709229,0.855779471687928,11816.8481536497,0.31595487399974,0.20023687239072,0.0817762249293043
0.748816437133302,0.376909882039407,38178.1607242528,0.564761229675591,0.0830991344890279,0.200391160336718
0.478994461912345,0.0549578960667125,63694.2712149518,0.303377965725478,0.165383086675243,0.118058761371688
1.07882287923447,0.167331875405215,25539.9986170824,0.511868245754127,0.150021867868401,0.299312531181078
0.678574122819083,0.89292743894391,28643.427991216,0.0870235673005953,0.0740190897125407,0.149254107919091
0.334615865383118,0.611138138798888,52301.2736964174,0.0898835975114181,0.174005469225803,0.215040497706026
0.0759985485962293,0.992672409435929,50005.358035916,0.0446045454833235,0.107590880209699,0.258565890734294
0.837451883903401,0.728625095881157,78155.8377719328,0.0769684436924152,0.214673677203906,0.207145303222313
0.32904577194401,0.89527679763785,57511.8357329521,0.552399986357507,0.0938465501487863,0.0534044545582255
0.35670154714936,0.32637419705604,17384.7013665488,0.161911310955053,0.06516271485169,0.0239885960323586
0.935212051264405,0.13175247193573,21586.8105236918,0.036742836609188,0.158519571951333,0.283993970833
1.26307370633114,0.330664757571839,47771.2970502069,0.155188840740718,0.0870631738618032,0.170621403617479
0.918838976850317,0.593254659426424,25872.977075888,0.236674874949553,0.185838880168417,0.0317764419914841
0.289577415807195,0.874479497266462,39494.2937154378,0.514404194674836,0.245055808380073,0.179591949789063
0.0586040776196053,0.304005758986195,50379.5696016537,0.136715443342381,0.211808827113911,0.019581726235754
0.267594217438633,0.804353748181902,15819.3348819161,0.422094773436091,0.173111028388601,0.166927758117568
0.337587474111133,0.695295505105029,20595.1554779498,0.337350513455341,0.150906305529598,0.0672273525841106
0.229046646896836,0.704515554074093,91437.8580974626,0.10120634396227,0.240514068416393,0.0352276290778738
1.25868168863197,0.69244049567625,63987.3357690571,0.328686215659703,0.142585948822727,0.0754328034014054
0.34122515842738,0.815023737871598,79270.9243861457,0.42275534108639,0.108258336089888,0.0161294235335341
0.991704700673296,0.00867932509197475,82355.1469311703,0.119478493276657,0.0574559436804384,0.0723773896396659
0.690130975905766,0.28706247928947,82956.921329059,0.566822019707777,0.0713638245625496,0.207445995986211
1.29379685039844,0.888793511406582,45851.5345082627,0.238966762141953,0.0735137064066028,0.0343389140866542
0.466416096262318,0.522794127631868,30106.2709153797,0.533710631866012,0.166092702967915,0.224338966480169
0.187616652096708,0.557658233730334,74481.2202944938,0.134052525093995,0.145897506334733,0.0976352332431602
0.858906169664076,0.591745483002787,55151.5157129264,0.0339778059478799,0.149384754342082,0.199049372402587
0.109827311704275,0.739374677978782,5132.24120423014,0.241163444962728,0.125164349658206,0.265163384843296
0.0964984340388025,0.0952717998739841,57177.4106123401,0.0679928982057166,0.186897236716686,0.137464781453817
0.0485160313946833,0.0826184704463172,92309.3685989903,0.435434807852417,0.0901698811245905,0.0121077307968954
0.280397082068617,0.377516568573995,2249.36481397385,0.129119855822443,0.121155642994672,0.0404975661886784
0.52055923754153,0.267296008528597,35147.7283014306,0.597447769715771,0.196399525419765,0.196209135488325
1.25089725319114,0.0230359127602394,64339.8231017178,0.154219187225102,0.0918797366462187,0.118838985972062
0.380701909381116,0.903822946523794,62027.5638968171,0.485504611164048,0.0513732846943486,0.107876051980577
0.367354709058242,0.348931767441302,17683.8031670615,0.521876890478938,0.192876712455389,0.292930544095193
1.006945770162,0.822811985951053,98189.5273476026,0.348805621125146,0.23392471984259,0.104341694565098
0.894783096268384,0.622209957902364,81900.8257921838,0.224546095501928,0.165577916057659,0.03832851212789
1.17371090409467,0.102728348388244,51534.638954295,0.239949104824479,0.0695335345835906,0.183714952759846
1.03918777881554,0.932308298805702,35580.6163327531,0.196572782238355,0.202697094902631,0.271220936157312
0.968792497783638,0.0940858129620714,15305.7886192479,0.0890863156090182,0.197088242160716,0.142349693908423
0.525980416946513,0.446399530899337,99587.6380744186,0.023895343710494,0.15165286562743,0.0727162901270813
0.734173019218371,0.497749790843734,5868.19837638146,0.223297922482585,0.107254037160105,0.223432931657072
0.755157814436556,0.414049705477167,60195.9905766943,0.0388109132325944,0.19817559669039,0.147824240683557
0.152803013149586,0.258967214018967,55945.8225576801,0.311063218000841,0.0872334047852971,0.246729425305105
1.04875400467873,0.955731596943352,29678.9227461261,0.36103102536923,0.164349072234723,0.182405642739228
0.293451349562033,0.846001981863003,97350.3145140511,0.528946595566342,0.246054194256266,0.282837991498962
0.852034983970225,0.509816677523944,53089.5828372392,0.251043624465678,0.194658486413741,0.285506499106086
0.975560719031456,0.0274147040688087,44545.377982195,0.438931458185441,0.0613774944288738,0.281896463095763
0.378854193401336,0.0371635306399381,48769.5783394655,0.304381563636397,0.166909999479116,0.130791197603528
0.131102843047358,0.34237730778932,85393.5948039781,0.034934324855429,0.20421287741323,0.101778389623523
0.843941822021232,0.251169265109912,58275.3313957933,0.575168744875904,0.13766434967608,0.151121159975596
0.28449552142958,0.419552309439182,34083.8380563487,0.3593427088639,0.0676419807211501,0.237046738049235
0.752177061237699,0.744294064091671,92966.0442254024,0.597895064094972,0.190653238671236,0.152379249349769
0.441751547285904,0.197025445388484,49316.1971837011,0.0530448322658727,0.13825188687182,0.204663436489044
0.278964695055107,0.937050303049955,17594.8392486375,0.255384307574079,0.0691844333258379,0.169896443457399
0.981559015253674,0.321667434928794,48653.1891041541,0.282558732548702,0.199830061941777,0.244514369820868
0.983269891097156,0.916315089663721,58454.1687059066,0.510300046373243,0.175336482065262,0.15882250120143
0.68139901694308,0.220470449585922,14258.9744930509,0.0173878398464281,0.0578555714006612,0.031105831153713
0.756666372223899,0.541408342321163,8020.97627712082,0.16724407318013,0.211433328662049,0.13898607093528
1.09898837215416,0.568653166614508,31292.4161451619,0.568122265331381,0.199369714441759,0.18169049334238
1.05585827871315,0.264124431285987,73365.0816462454,0.55807582434846,0.204864497316298,0.0582582901510568
1.08413415157828,0.913798079392289,15712.4515336134,0.226456132136919,0.193817356552292,0.143065675701498
0.727652666905872,0.612707761929169,65580.0299270078,0.13056967435187,0.0626714109141517,0.0283819261220415
1.27319191602932,0.189260806295263,18630.6074886805,0.216405671017608,0.0862175116782027,0.0979367592139412
0.648736665297784,0.721809671399795,31590.5501514464,0.1853066744151,0.174540837400393,0.0640115039636849
1.00489432439771,0.122517776449128,29353.136288281,0.218698827818146,0.0959335612899428,0.0431269165671806
1.19708494639244,0.986553662563147,2888.78328745967,0.320490304404789,0.17604216463189,0.0703361698903464
0.688784582869518,0.112467386945719,68975.8995709818,0.139438779781819,0.124885271528909,0.126669910099427
0.21179789551144,0.361235947740265,56151.9208240741,0.248818426486171,0.223843821117003,0.257609027424789
1.03139633998222,0.0634318328320683,329.240884672954,0.361729762347102,0.152144477152384,0.174143733238913
0.580829611597298,0.905889767842695,46655.8570014662,0.16382391089747,0.17676948775572,0.247665162423108
0.0784034579923349,0.473229556281351,25233.5717367452,0.398334928493208,0.140525463825964,0.296910740173071
0.352365986254727,0.743843561460828,24056.3220342518,0.464321796486172,0.129764152597521,0.0804006097389045
0.856087293987557,0.0141369828322451,73291.8860694922,0.194330481541906,0.208388409154305,0.156766339121968
0.0336387854539296,0.892828837650683,38024.336265418,0.051190997217612,0.0953407539237621,0.064734187825741
0.553311007750039,0.284969607686959,80979.1258703485,0.433486982626963,0.227984604174505,0.0643571199897712
0.316719189010896,0.275690460548215,880.456067908485,0.367269374399938,0.065734396827816,0.112441368185911
0.862812170202928,0.468969727368705,80604.4509198183,0.502082087789894,0.070935848314413,0.271661726848236
0.306583409709091,0.752759883432217,43859.9034108921,0.396325894329877,0.171604572291289,0.162805724136441
0.0205667309674025,0.293777390833891,8931.9854319093,0.0789990975806213,0.18275044178112,0.164118835827375
1.26431069052212,0.181149847238343,54361.7562189285,0.439138536925137,0.130245627285266,0.234893932380507
0.4024666163231,0.618653291431841,33738.0075157566,0.17792679431545,0.0847665492916355,0.0711053145118482
0.699985431798898,0.143325673402641,37669.894302635,0.277865433280905,0.118915576456231,0.0773244356525949
0.606497963576504,0.381096992056429,56854.3732122386,0.339886108090742,0.11991782610727,0.299824924172627
0.39191098708934,0.949487401865416,66964.0518056743,0.299316898244025,0.0506572260748793,0.14749689055212
1.1586060473639,0.0672255493028477,59644.173124553,0.523513498183093,0.17190463523003,0.240612072777113
0.95863072154159,0.107492509930541,40021.1200411614,0.0591942757598053,0.111759671254665,0.0882693853859298
1.00317364263141,0.251477242754755,76059.9083409083,0.0397174191237076,0.116189413310516,0.0598127910349026
0.390103199532025,0.479364845959032,76355.6831712563,0.465154327597517,0.104055652189378,0.0942611671639085
0.641354462544545,0.147710953865947,48405.5906817724,0.209933532843061,0.189408368496943,0.164814499983779
0.876585351368434,0.554990811336546,39301.262028219,0.0610526895703681,0.168248003738386,0.166242802943224
0.556156879306942,0.605394323253106,40934.9105366815,0.143737070740264,0.0701037659157059,0.288525641612417
0.716170208577944,0.6690113753771,38978.9522242718,0.279683236547454,0.0892880051799681,0.139308852718828
1.15428194886259,0.247628906006081,22704.1793223611,0.428876318457293,0.112456127186974,0.233045143120898
0.604861516325993,0.40391242148714,77822.762977085,0.41680947861249,0.153813376114825,0.235529915859735
0.671713205628359,0.908768295957869,75359.0393786143,0.266677576465568,0.208128746508839,0.052915340196672
0.538324057150865,0.965360287781167,64319.1162914974,0.464061252927159,0.0775872174221601,0.211112612672469
0.873781350144827,0.533881268359018,20668.340347006,0.577959060942347,0.124019028073482,0.282368258198719
1.2488293189012,0.42674734209367,71045.60258503,0.164297173281946,0.192540340374578,0.165031305972397
0.354458914188028,0.297139389572279,3486.81509281224,0.472454162494356,0.212110505887944,0.0255231405857874
1.12830829096176,0.595086080610079,96014.5437835693,0.550292722062759,0.191820283745718,0.0609225657300495
1.08502748279185,0.671035249108073,22985.2249067605,0.29083904810127,0.233679595541625,0.0855456860159749
0.48582839931174,0.280796725290077,87458.0683869104,0.370663634234612,0.134879638903949,0.013936618808481
0.661538298233824,0.760023303063699,98773.7273695205,0.257886873161439,0.0780134959746072,0.104476735780148
0.808566337423329,0.278518347111944,77093.8737569619,0.413996707503889,0.241093839904618,0.0865145779550886
0.800455278541934,0.0316385855809421,42201.2401555083,0.35339243808842,0.0844418647930215,0.131689838156133
0.0564076637439588,0.767133519695031,3131.55827077752,0.387261941141609,0.0866662453853343,0.218038003323063
0.464850525635003,0.534819549821143,55885.4012015417,0.538664871306755,0.125455287390195,0.0619883384466011
0.598776287914505,0.120377736217562,95817.340494905,0.499590415823033,0.20976591834171,0.168923887540462
0.169928833353809,0.623356819287533,25963.5255261677,0.20802310598168,0.160235736604776,0.132936013209561
0.999726456353428,0.810031362932249,51666.488422468,0.335364638086966,0.120952415120207,0.120283928444989
0.810273768315291,0.218368724551953,44748.4224956746,0.509755184329344,0.244527391492211,0.201385031600993
0.343398062548093,0.612996152094751,82807.6894853497,0.0857672851531956,0.133528634219586,0.0806510525542783
1.10307373285796,0.686548002872441,25090.2061791771,0.305550649050675,0.147307927434151,0.235076285844848
0.8912885997229,0.415532871845724,85110.6722976439,0.222706341365836,0.14860979955791,0.187559655971491
0.559202710406489,0.407599359536454,38231.4310926734,0.242210968144892,0.0516105923347004,0.128388303038923
0.697617556637125,0.946694555729958,22602.8893717952,0.150350117544027,0.123746117667477,0.259011393040057
0.140885954122394,0.933239553404575,43114.8159845922,0.481652018400344,0.0590819098526301,0.261604552166321
0.444255015275959,0.177342748629337,92207.9822617761,0.297216937155648,0.1324723811839,0.0667967003039844
0.332919387201421,0.950049203303827,2717.94187988481,0.434025473367502,0.0544937613748068,0.133811066228697
0.579277964232128,0.862984375445563,42798.8707772293,0.569315043157717,0.120520272370189,0.0232044354110986
1.05182674001264,0.0497707711479169,89541.5026582002,0.585500607417094,0.125925787974356,0.296229125783573
0.129733849064373,0.749422953895275,33418.3838509448,0.383629454978419,0.0914183347795013,0.254777008843067
0.300856376009424,0.463765476858793,83991.9141394161,0.389665722239891,0.213258116331298,0.045942817096166
1.09934486942731,0.374163640583642,11538.8494505646,0.148080843469273,0.175436563161548,0.156371968375565
0.287726620754156,0.302726572913274,72149.4034934907,0.542373474387573,0.202157710694204,0.151287844515102
0.967873797042186,0.438928952956333,99469.6444251044,0.148519400554573,0.0926046139518869,0.180461913017539
0.239425732992134,0.36216833591229,3276.20887268264,0.112651092369757,0.105500641638517,0.195754517871829
0.823699662204432,0.711527579472239,87279.7383639036,0.536753514788971,0.130947646974076,0.275466575793649
0.100616191077978,0.0749398480947597,2158.12972483849,0.405546449775903,0.222867458800638,0.217653633507305
0.1828389856459,0.442045345756974,58031.4216418029,0.38518663888839,0.226733074208931,0.13012014974313
0.420951306804234,0.372628198738653,84578.2452364642,0.244909703983343,0.154229853958905,0.084577382126339
1.18960896452627,0.987462412964845,78901.4142323826,0.444410938115182,0.234705186842304,0.272426968336515
0.52912997932199,0.897792865078086,54778.0689390536,0.12232577693331,0.170241979819092,0.219690779888
0.219756525849152,0.650310005092813,45969.6720946295,0.393207089730365,0.0988524660777939,0.125699262231159
0.741260270321662,0.880350521615159,37509.8853681278,0.191760007406065,0.0949102771007996,0.0625150227704464
1.06779332531419,0.70318295442102,71963.3137848272,0.437877306589857,0.0715315318839118,0.152555368298679
0.0531011819352694,0.289705453970243,75596.9005792659,0.459100113280463,0.141355161923926,0.290448103511351
1.12160158081343,0.947799999169108,85519.4368040294,0.142351234461367,0.241452621791995,0.092176252937605
0.920434409258467,0.981222477672633,74121.8443253469,0.151828915239054,0.158117077774912,0.0333212174187557
1.07581394028624,0.154687353210525,88313.149105794,0.365608438776093,0.240692885821939,0.109554070333917
0.304423376383066,0.0396846193914661,91786.4815226729,0.479788253680922,0.0973630856711181,0.280218378439459
0.987300471646832,0.00600044004689424,37050.0730213262,0.214433321708412,0.139249497162542,0.0588119717792789
0.382494068033491,0.690964138490701,77655.4911990312,0.499786895330228,0.223339869397623,0.190769893267751
1.2003998368856,0.679332705646541,19878.5894442062,0.498518856034109,0.201566330790388,0.187755757398181
0.471692956587292,0.146287692991216,54617.220576801,0.197211526034309,0.230092066268406,0.0970150256324424
0.582605472481993,0.835745879617998,19563.341890984,0.173897466008412,0.117189675066912,0.165372425954203
0.359979648085191,0.877151990884456,67087.1886324377,0.483816422965618,0.232744504942684,0.141152879029033
0.550680141181595,0.30131454941762,6023.97941408294,0.217914651617452,0.0500668492298084,0.0737614070110409
1.26593207039095,0.249966174196543,84377.1562196205,0.169892398606691,0.234494786282202,0.230992001185609
0.346861623826927,0.643096300039328,2554.11773000866,0.534456328481777,0.0822961787115705,0.0627827474380612
1.19169391545227,0.653950920665308,90407.212877628,0.201287242040996,0.196575988837421,0.112067795712167
0.369632418727066,0.531557748785675,99186.5533898202,0.0412133648488043,0.0704861600394322,0.167880088567066
0.860497677070502,0.0986540378112195,75297.1180448588,0.312388809081874,0.100149171834984,0.102462656503308
0.2501284230812,0.990301004846403,86349.4465341797,0.426850722759953,0.216396811584245,0.213187702201817
0.63791997122377,0.392467995346269,88225.0935177306,0.467331429592816,0.195927217672839,0.278046211275869
1.2890723933179,0.54623826556299,19469.7820146405,0.236857651490713,0.153193494202404,0.205850083061363
0.186276445992782,0.0581401365285376,1125.20164062155,0.276270006904847,0.10228495955164,0.197844883782182
0.815548020172763,0.58131956274574,5442.88771347777,0.473789038103125,0.238309128139662,0.100306458953995
0.483245269620321,0.0347527242824866,13546.3100204185,0.0562798358168217,0.154740205245296,0.220572009165821
0.274849214670881,0.626082772742896,44437.8957230283,0.470579021836486,0.145307900622041,0.102820741330237
0.882491572444441,0.290376477861124,5678.55298419236,0.029689968905521,0.199694295934296,0.0483731918783397
0.585727485086354,0.366157997477753,70502.7251156444,0.102888692326673,0.224374415798686,0.156071159131711
0.559114420708231,0.222333167380393,32695.4772469511,0.412446276537757,0.143484331134659,0.0868365793435707
0.0229064800571458,0.452098318004059,63117.3597569595,0.308713818261016,0.246768730897374,0.144626928028765
0.489312825545596,0.281472810507491,53013.7739980258,0.121117075706448,0.145006388175183,0.143438084327658
0.36544487463678,0.231938063072098,44327.5418521389,0.0835517134251486,0.129284483123693,0.105478035800588
0.535097888459925,0.434576933743228,59228.3511368958,0.0480957865536967,0.178179963376137,0.27641360330684
1.1931461511081,0.0526297631144438,52402.1996608042,0.503872010141976,0.0970207592290582,0.138372922289001
0.656374940604086,0.30650017149782,92528.0599988876,0.281249671821742,0.0751372561730254,0.134435083034824
0.993579530000887,0.783702241114859,86173.9590634525,0.463105763478148,0.121745496938384,0.297728583136381
0.264947801570092,0.513931968559249,70076.8326520004,0.357228737527045,0.111359551071356,0.0378132119242834
0.20769772241626,0.636200152308934,34635.1600651253,0.440826834051328,0.0529663949861129,0.17812070523483
0.839609980596594,0.799779582870146,98366.5462828148,0.0905644433805257,0.143131298203008,0.171760827757474
0.645966656421325,0.641582143545711,34442.6304960556,0.176945208980183,0.10857362558135,0.161998215426205
0.684594675853986,0.262194223703069,88053.2634488196,0.561582122297974,0.202525316963272,0.267581156029247
0.52648181958841,0.95538122068898,74216.9517213971,0.57145678567596,0.182486452336453,0.0555051869694534
1.06580834226675,0.161323198555278,55318.755089751,0.496786929071032,0.101172034640912,0.0486106317177879
0.191436498351761,0.530613843991871,74002.4596527511,0.526708075572129,0.156697176673479,0.0883524974564163
1.09249686599985,0.138230613333577,78349.1223802949,0.15981520353108,0.115675942211867,0.0155639220437435
0.565435411977443,0.328943138917384,1812.25595211861,0.287269180525672,0.0561983040424785,0.0243190295989748
1.0495817099461,0.0785851525723633,73730.9708415723,0.0430641839662069,0.120600415722899,0.206265301581254
1.03326351629738,0.579757065954614,80571.1678240081,0.272907260470633,0.0624804640006377,0.185221631019257
1.16884944318691,0.926800203088372,29896.3155152174,0.0329278774333617,0.147564923914177,0.111182248533822
0.636465074434577,0.1443877003324,47917.9661012132,0.116490868878233,0.239763772718939,0.054560992491486
0.649937541479347,0.80954049816843,42460.4288990866,0.44594640474654,0.117952686264724,0.186990110121706
0.817975001045989,0.0806712024992965,7398.71158672211,0.292641649414796,0.118409867779491,0.1304289612778
0.306820679258998,0.668323759721923,76769.2469488747,0.584017192568738,0.0849323850799922,0.0565654957867613
0.140262642076604,0.962851272522821,86478.1866509601,0.529555091654538,0.21286128911967,0.255941833850281
0.950117754363347,0.0186720643113732,96255.6736300424,0.447949343671928,0.19158979942619,0.0204904421289819
0.328240095509966,0.0419597061859926,9008.99752245475,0.290336764222576,0.236614296455909,0.0263121939335436
0.705420150301279,0.500103768114087,93899.8053583892,0.354042061575935,0.132795705065635,0.0494474050713801
0.311992676486335,0.292312392979622,11047.2395268381,0.0689122862999269,0.0828219040326279,0.263488231474633
0.347274684894842,0.386037904271134,78688.0755976375,0.0132432551822684,0.0537176985020723,0.194499422548662
0.803150677622974,0.924426015605071,55588.4594983611,0.203161916430219,0.197910287782238,0.0894910381298698
0.159645426035872,0.850886378786359,71718.4533047927,0.188844708285499,0.122917259686903,0.230067845988951
0.0889056503049819,0.76371279672,41404.8814327273,0.488139268672056,0.100535173626005,0.246012465766685
0.197781957480991,0.136851430636718,81218.5946835363,0.58240632668476,0.134581978512811,0.267253143429416
0.912480845610317,0.648004374530777,87945.4086441264,0.327844325359684,0.0526075352999743,0.223852818392472
0.737145388683022,0.796280958417187,74611.8175575886,0.106490758254422,0.0841017017656692,0.112904591597832
0.487887343417281,0.216421597573288,6175.71733647525,0.271960825509535,0.0531947222717288,0.0740892685897872
1.13453340450244,0.90507043576671,44783.5164235902,0.530443653264925,0.243082835367523,0.225247378848704
0.179436277861193,0.714565684451454,83045.3354966299,0.588659095439044,0.203245340453492,0.0455780197964279
0.94298143332776,0.279972429693977,18906.4850652726,0.0705775946310379,0.21820003763261,0.12227668807512
0.375896354124683,0.82399305289956,33911.367801014,0.107648321351034,0.142562466260091,0.266601517161297
0.0601185662150819,0.368639274839554,59842.778804053,0.46917102312012,0.0791390248759728,0.183114378267081
1.18594778655802,0.0449061301448785,62700.0134759681,0.404604012055483,0.220288348703461,0.123339514183926
1.02436361851109,0.337345853973586,4086.18467573125,0.0713749385558886,0.0618996724206359,0.198145684642943
0.826470109154517,0.780688688788419,10506.9955423204,0.55683464486319,0.076832644588196,0.140876141154353
0.0744432235471898,0.560970525322775,77568.4022524006,0.270555590739074,0.0671251235700091,0.128064109929036
0.149505662561459,0.736541373314141,27911.600573958,0.104560825644756,0.115249046018995,0.0480160813388077
1.05443579439136,0.640986811198425,89434.901594536,0.505113980474526,0.201735525911635,0.272832038735099
0.462843521112539,0.56420342980722,15446.10309193,0.132971647312656,0.10975059133118,0.273139330884934
0.134316078024333,0.100357883735422,26610.4556289815,0.205596550940263,0.193697147431341,0.242855194001691
1.26848053605509,0.524532215729534,11149.187150086,0.487875319526238,0.0921045626555239,0.176964364027295
0.23184996476855,0.228721483762244,50706.0277793485,0.180959394163172,0.0944001747312279,0.155412621971471
1.23797052382393,0.851580430393262,40531.45810137,0.028272956322935,0.212385451346088,0.180963422752559
0.674488223382391,0.993472861896802,41899.0916224398,0.35161751260012,0.237099381589197,0.138788700957905
1.14682432973302,0.176283626590541,11972.1795672205,0.588038807939601,0.233038015951139,0.269025983066097
0.948073893610894,0.876185735741151,67682.4779586064,0.13991693441381,0.221745475809615,0.0301484348982684
0.944975641115595,0.572253704615371,54100.8918580258,0.476881334250679,0.175864624703834,0.109179983367582
0.502884628854341,0.523030264954276,19941.0396829825,0.117132312972509,0.0876665110393006,0.019326768207625
0.515543204033532,0.5171889677909,6907.46334155312,0.221883134481102,0.0565462994987874,0.28339719671531
1.21980169766565,0.541651349543313,87002.4904392441,0.200078456944958,0.209030125620764,0.128610496071053
0.456593485476445,0.677593174361906,95337.8587038633,0.010841635268304,0.103065530710425,0.0227230119865609
0.657241118719086,0.356585654516638,63313.5474766687,0.212333982047198,0.0859373666978913,0.151928033186143
0.133363855785241,0.770871991806983,80781.4290168816,0.331837465525332,0.13849349646605,0.119926575617937
0.822469539767246,0.585976593104725,65634.741620165,0.131696853101036,0.0634231844733868,0.119107067060515
0.170513175092407,0.874128731054024,13462.44474583,0.419934113971556,0.136347731547145,0.0743092067336004
1.24004315827623,0.429210061491067,66883.1247489449,0.167708612982387,0.228034846233509,0.0217558724683424
1.08972484596452,0.752879509200364,29385.8663262317,0.53528902361322,0.1861254079549,0.137703518272956
0.939419572052236,0.927394605379523,88922.1204885863,0.484744315423997,0.248409032295651,0.0811578889566641
0.96427253287679,0.334526840052972,8122.19860833283,0.149560107303545,0.126092872499807,0.0432112381540001
0.155761031036652,0.92364018274394,64051.7711619229,0.187461972776478,0.229713324824666,0.158648698093007
0.298845146747422,0.596709537547634,20084.7995857155,0.497454635327291,0.0637459678010002,0.204090603537827
0.473463369656146,0.676713103692454,16877.4858718081,0.482423548611113,0.0570096033556487,0.14709160852312
0.404626484505535,0.503637976551658,53994.0801162996,0.179932629723153,0.245528121983544,0.123800383514301
0.834999711905333,0.615699235125284,48269.7972586189,0.394378369904782,0.0814394513579321,0.290001902851591
0.957059941537543,0.162580246666329,78299.4976361096,0.515607399700528,0.203735137522137,0.0344889210699957
0.0251574091629018,0.077474288132561,22054.6992197973,0.108111113851552,0.0698885430145064,0.247946202764274
0.618311817445149,0.853552877473886,23678.239861717,0.140685389530684,0.13167872210405,0.26540538699507
0.398983945997358,0.317999940386321,68150.2821891047,0.0726694531845998,0.0536542763679581,0.0466758405160015
0.422268166975775,0.757416103567757,68674.9914921645,0.259081413177637,0.174739900121206,0.0969073602089539
1.10128359481621,0.868856463059077,67849.797948431,0.0827721725274644,0.0743202549628285,0.225851237685332
0.506038271755215,0.673477538901986,6304.58268393705,0.518663049574178,0.104704335304278,0.214540666231738
1.11431199877366,0.405665839169872,36656.7210712301,0.190107265777851,0.233316749622975,0.291694449894996
0.518787468782361,0.59872205549362,12561.7545330702,0.285113184524282,0.218880489889507,0.178681022308479
1.12084244712049,0.544720565496331,12334.91002945,0.0759079162361234,0.216216338150958,0.245415313770787
1.01003838423484,0.883816988058053,69301.5967683719,0.114983852028298,0.139005621950371,0.0784891817012288
1.1952009583209,0.430054695773671,19036.1162971304,0.447032145874758,0.195547712618054,0.0171637781214305
0.804943767066187,0.108931317439068,51871.6858437783,0.154087516319913,0.18962018792229,0.256323421213408
0.241767728022438,0.998891111025513,35310.8262920146,0.297913928825236,0.0771355583869555,0.208816920314675
0.770453532300195,0.512408433331362,56323.7047732648,0.513501064627888,0.220091933481247,0.233937623845967
0.512290908668934,0.125865024147741,21326.731110154,0.0460230564679932,0.0689341138688789,0.0374018421594533
0.853216502569245,0.15609839333093,30873.2119988597,0.317954590659019,0.218448361470016,0.123041364292978
0.616553252074814,0.998481280796171,83712.907737948,0.191076528923232,0.192685620144799,0.274707611428581
1.02103253477686,0.299320393405766,38551.8317019901,0.440252968383286,0.135799440768751,0.277816446077031
0.554337284378528,0.0879036721915391,94648.9194127319,0.341651010054672,0.172537068760941,0.186401534957804
0.508398402566429,0.125629747435738,36194.116669573,0.400076816795984,0.230335394372349,0.155695367815754
0.281278040943003,0.391262850006662,35385.8495438439,0.477308035599425,0.206894947856116,0.0634857134620996
0.715340977368429,0.305706018224507,41509.3696056245,0.57943047391393,0.0660383209577531,0.144889733700884
0.322479666733589,0.11348816926172,20309.6820004406,0.0752407642019093,0.203537266450025,0.189439423570363
0.960723373455975,0.536698179577256,79386.6241398434,0.306037232484488,0.15544899674765,0.069411358117214
0.942417961175193,0.782321086515209,47125.9119529048,0.287890117801629,0.109555925361469,0.113972978197728
0.0997683193828652,0.527063901555806,89946.1685551358,0.59615982575645,0.150488045945212,0.221240474346921
0.0453405451622868,0.098144057643378,79135.8845327737,0.321886566464928,0.180259793038469,0.173326157826792
0.760969002940449,0.129790100759951,93122.9189267245,0.0875820463263607,0.0508756449923739,0.0765920229168501
0.46143067503062,0.148993418599372,49494.9806808751,0.473208869544592,0.0738727233498432,0.278683438135728
0.120634077152623,0.808356025790307,94985.7146890631,0.58148368147669,0.0615655683574468,0.286252215374243
0.711768784950371,0.15918425105936,90953.7106421065,0.519141356603335,0.208830093599634,0.196546453510146
0.495266272420999,0.459173214505096,16135.0811759582,0.586286443256759,0.186683541830464,0.0274138911292235
0.916280397511216,0.333399003732185,14962.1041698752,0.0187492914106786,0.173243281184883,0.222877754196277
0.388648422634703,0.117213796778297,51159.4360084151,0.517873844251347,0.136248715183794,0.298747000869379
1.02180414681598,0.45495235983146,45298.9285065171,0.338328517864541,0.147807494392925,0.238606443811664
0.621579976610015,0.0769331634877434,95062.8372951859,0.20426356528933,0.157600886494571,0.162295727204556
0.0356679248629338,0.709481371458891,79811.8795239114,0.51606031942259,0.160970942077301,0.279869165712744
1.01790512493844,0.496130682695939,20868.574126567,0.0693413631359529,0.243881371172317,0.231288503535317
0.0407542832616731,0.364202894730533,46873.0949312621,0.537791794763025,0.136956234710823,0.0658291216770605
0.437827516525451,0.706010803691941,72910.761300454,0.453430158240456,0.0806449560483326,0.249672751510794
0.114818618573949,0.0831287794246569,66025.1401054014,0.0379323624711147,0.116478288268717,0.0175604242726688
0.54037796884342,0.816914222945017,42927.3143303965,0.374313394321005,0.0811990682221563,0.243976611862648
0.763784043396485,0.639689897480822,72270.7591076463,0.252023847207971,0.155846073334906,0.0187651652775562
0.39339749647783,0.615947588988924,18045.0503087687,0.5056201101558,0.0863235146498283,0.179084140350653
1.28232768334818,0.273735918355786,66322.4399489116,0.560121862461447,0.0525170032524835,0.236239663504504
0.225139288439068,0.788412841863311,39385.5149047237,0.378489219771683,0.183363783873073,0.248407912235812
1.22711998144656,0.367296303684453,97904.7012407833,0.342445909934935,0.172267704872631,0.170945505631364
1.23548405127227,0.82718072609389,53824.4300495442,0.357545045845142,0.217368004447053,0.226831558200165
0.986656205247378,0.394913070048068,61050.4412587531,0.335161239237824,0.214331092605961,0.0663112705884792
0.165278568906261,0.549574618378731,79727.6541318393,0.0123608678183388,0.110547948523969,0.211944400659544
1.00804229121122,0.375095912502471,9618.17237380135,0.570894999460571,0.130733527542515,0.0388371101076311
0.511127682186369,0.269149851320197,56977.0869762194,0.247121048871315,0.1216018988053,0.203757834739008
